Id,uid,Label,lname,
0,3AhjaQkZABGmc0H_FrjJag,Tatiana,Y.,
1,faaOI6hU64h6SSaF0f11eg,Tony,S.,
2,O_GWZZfQx7qv-n-CN7hsIA,Dallas,A.,
3,xE3lS7R7B7eMtQHV2qTu_A,Dr.,K.,
4,tipQmXdg181T4NvxrXPjFg,Sabrina,B.,
5,QTNMJ8unxkk8XT4Tl4a68g,Aura,C.,
6,25W8CVIdQDIkyPb8ISCGpQ,Chris,S.,
7,dIIKEfOgo0KqUfGQvGikPg,Gabi,M.,
8,TgW-w80-ketnwdUsjsAaNw,Chris,W.,
9,27WMXae0mgIYu95KZBJVSA,r.,r.,
10,KGsXnYHvYddGaL_jyl0DMQ,Deb,L.,
11,JmhVFueYvJe0CsUddwuajw,Samantha,O.,
12,WnwpWcNcJhHi39gdIUfJuQ,Larry,L.,
13,5x6x5Gwsr2QAh-nkujDMrg,Carrie,L.,
14,VZDdJXseXVMRIeYiDmdZWA,Rob,J.,
15,yR144OlfuI4585U4_HhHlg,Chris,R.,
16,4UoDlO9zZhxbY-qbJQVLgw,Curious,G.,
17,8SgjU2fID9VqKQooFt1DIQ,Jon,H.,
18,dGnz1c7v7DiIl63oM4uPIQ,Ronni,F.,
19,gru76BjkRY6UQVcw_yAxiQ,Christine,O.,
20,Ov-0pRQxz5fTTElFE-WtTQ,Jennifer,W.,
21,JvQwxt79ykf2pen26WUJew,Isabel,M.,
22,qZB8BZ2ZzMF0VfIGhttu7w,Floyd,C.,
23,ol4WxweKYfn2ncAXHrFh6g,Richard,H.,
24,jcFLiBWSzYJydnGq3VcwcA,John,P.,
26,0ewBXg2oHMsPEuDDTpZ_kQ,Kevin,O.,
27,p_azadim_uWFOXAhhKB3ag,Alexander,C.,
28,3h38QgaoxooCojoN6pZNUA,Ed,D.,
29,MfknWfoPx2oilsyUK3kekA,Janelle,M.,
30,e-4I-az0CQ9t71F_952oGg,Leslie,F.,
31,J9c0XM-wV_KQmtZYxvIFFQ,Wendy,J.,
32,C_LNk8vsCW9oXh1llPb2UQ,Andrew,M.,
33,04J_q_VhSBItxNiEAN-gkA,Nydia,A.,
34,gVmUR8rqUFdbSeZbsg6z_w,Beth,S.,
35,LisTsUqnQ5RoW6reg6hyWQ,Shelly,H.,
36,FDcweTC3ZT1_ZdZVCMmZnQ,Richard,J.,
37,7pi5q0cT60nBNwlHV0wLKQ,Amber,G.,
38,UmXzwFM2OkZHWJ5cJZlqkg,Thomas,S.,
39,RaNkWBMywhBqCZOQWSN_SQ,Dean-Ryan,S.,
40,HtCPdVujYJAZF4FKr-C9Lg,Matthew,K.,
41,vgjh4QE5wfXRHuPO5AX-NA,Shannon,G.,
42,kCVPl2RumlSgSDx9PMfXDA,Laura,R.,
43,4TDJf-JVb-P4Wzw5G9liMg,Bryan,L.,
44,Mge9hZlZ3kRRLRRUT3xmqw,Brian,M.,
45,BybJLE7BIkCr2HV4ZpCfbg,Deyonna,J.,
46,CrEXwDlAiT6SvjIhQrrQZg,Judie,B.,
47,xGFtDzkShCjfE2t4v7LyWw,Daniel,N.,
48,jV3wT3IsnaCjuvv1Q69SEg,John,M.,
49,FZzftSlj4sEDut4KIi4rPw,Cynthia,R.,
50,8MvA3ImPBZK1yCDPbNpf1g,Bryan,M.,
51,DeT5T9ZCJpBzTxUUijcyxA,Ross,E.,
52,ZcGCHR83MKVwzG5yIWSPrA,Scott,S.,
53,UVubHrJMCYbYjk6ezBw0qg,John,C.,
54,6i15eMv5ESm9uo-RTfn3yw,Ethan,F.,
55,qiTy11I-yp6foxIghRfGOA,Joel,L.,
56,o_8sVoYIFnoVun5YY_lAEg,Daniel,A.,
57,j7dcryWb3T_ATrhIuYl7Jw,Nikki,W.,
58,7wPjxhDChwzOMp0LdflmGQ,Steve,F.,
59,qzd-6Uy1YdfXizQ_jgtwlA,Jonathan,S.,
60,LM6pxbcfdyUS8M2jWoQk1g,lindsay,b.,
61,DOTzP2qNughplMwJeoPdwg,Tina,S.,
62,iYODGbtSvRbvf_zwO18bWQ,Misty,M.,
63,sFRnh5U0bfTe8Ox8PygjHg,Stephanie,K.,
64,UktKGyMjLI41xz9VNFwULQ,Richard,K.,
65,XGHmtNTlUnpXcM-g_3XX3A,Stephen,M.,
66,ftjgT2U3AOLZUVdsuNV9RA,Madeleine,P.,
67,0nik3IkQaMCQZK6Y-372kQ,Lindsay,M.,
68,xWuppgH39exhfEaOwbeJqw,Ryan,S.,
69,6HUXGkyAr1pk_g-4KCvDJQ,Brian,C.,
70,FeIlZrb1YPwzIFm7bFVOGw,Marty,N.,
71,IhejvYc_PgH4gl7B_Gv-3w,Reg,S.,
72,-8omuMimmlIGdtbpYDDP2g,Patrick,M.,
73,n8rYNRnkBGSnqTqoe2g0lw,Goran,N.,
74,gsX9vRP_3NiYrbcYwUReEQ,Noah,A.,
75,6EsnfkS4aZe8uSu-FxaMdQ,Richard,N.,
76,HjWEMoVX7eEfwmXdMpMMiw,Baumunk,B.,
77,Ji9PeffxjwqPLO7pEfSpKQ,Matt,H.,
78,L8JYof7Cp0-nKkcPgLYPtg,Mark,R.,
79,orYuFrC0lqw6-IoO2R4-Fw,Emily,C.,
80,tm9zbEBjPe5DGdhxBBHUPA,Chris,K.,
81,nsLZtxFPPNNeDU_rucWp6w,jason,j.,
82,ygkieUfScoWsOcsBL4c1pg,Anne,M.,
83,qZfvqQYzo_zF4E4LFnhbRw,Paul,C.,
84,Q9NlyapDA97_NA0qaq8w0A,Margaret,L.,
85,wxsO606Z6b2M0S7ovZ-K_w,Jeff,W.,
86,D8ArPoKDlKktDowEDgBhow,Kris,C.,
87,6wgRZDXSdZlPEfKA3TGnvA,Pamela,B.,
88,wuNqI3-HWB6s7m_i1PmAgw,Donna,K.,
89,HO6eI1hI8Gc9pefSsUcG4Q,Rob,N.,
90,CCjRARMtzfBtXwt8jJcvKg,James,M.,
91,3XmjD8F3A8fHWU9o-MmF9A,Brian,M.,
92,TE9o4cWvNXg5IYcjAwI5hg,Pamela,B.,
93,NMmu4oC-YRqdi0WY9pV78g,arik,b.,
94,ucHw8QML8evurYAWqg_6fw,Kelly,M.,
95,HyhJAl9LM3nMHNjJC05gWw,Randy,L.,
96,wq-jm7sjJT1HFAJZRBW1gw,Penny,A.,
97,AVczd6i8sItay1JDHvnDOA,David,V.,
98,eFvu59y05DZ-mYEmJtc68g,Jim,W.,
99,AZ40YDJOK5sT3BkueXHCbA,Lucia,T.,
100,YSV8F_OPWRyWbGKS4eFBWQ,Lori,K.,
101,4EJA39LCYqyc_2xdzkk12A,Joanne,Elliott??,
102,L8OSlvjF25CJEKwc9NffHw,John,J.,
103,JfeB3fZyEKmcEjluS-oFdw,Cody,F.,
104,rO6ICYYF40r_HyFFaxGC8Q,Marc,H.,
105,fz0hWDjwljgSON2Ur0xtIw,Graham,W.,
106,vxQlOQ-0cTi49vmus7sxOA,Stefanie,B.,
112,kR5p8iCMlGm-ld-uq0FrwQ,Melanie,H.,
113,FOmaE6lFWFri8AQUbYTyvg,Rand,H.,
114,RchFErTh3OA34apKZEL8Qw,Jennifer,A.,
115,HmILc-lgVKZS7mWNdYCSJw,Cheryl,B.,
116,DK57YibC5ShBmqQl97CKog,Karen,W.,
117,yeht7OozVLKBF0-GJWc1cg,Laz,C.,
118,U4INQZOPSUaj8hMjLlZ3KA,Michael,U.,
119,6ywZ6BHXvdas8o-omBli8g,Chris,V.,
120,2f4729XAkII59TA1B9ZRpA,Iain,B.,
122,Eo-tlvifhCJZPveZzpCCFA,K,J.,
123,G-_KF_Ul4d3WGEa-G0Iq4g,Travis,B.,
124,3uPAF2-YwiTUN5NvVH6pIQ,Kay,T.,
125,EJ7ZhRHsMWj8du77LX34gw,Irene,V.,
126,zOxFYwqq8Iwhsqm_jm016A,Andrew,S.,
127,LwSU7fthwBZKI9o4vS0dAg,Christopher,B.,
128,A0j21z2Q1HGic7jW6e9h7A,Georgie,M.,
129,gejiDBSDt1jt7VFU6USBaw,Tricia,B.,
130,IqSuHB7238XqA-ZZYLazbA,Rachel,K.,
131,_hsT7ulNmBpc3K0NU_cxrw,Megan,W.,
132,5Z-3tcM07Pyc4mOF2Rjt6Q,Jeremy,G.,
133,nyFqLcDf5d8AHk3uvoZHnQ,Janelle,E.,
134,pu_AQig2fw40PshvtgONPQ,Stephanie,T.,
135,kjeX2RXvW7RhBbD2QLd5jA,Bao,H.,
136,jyy_p2baoX_rZMhRpi69dw,Blanca,C.,
137,QJI9OSEn6ujRCtrX06vs1w,J,D.,
138,yqa2qWN6acpmDuDL3U61UA,Mike,D.,
139,np2cEu_LDw4R8Xg7sZK3zQ,Morris,K.,
140,LFRzEzr9oQe_qKR8ptglbg,Michelle,M.,
141,Vgcf5aHhQD1kgFjHSO1o9w,Sara,S.,
142,wWIwGPQs0P7Xtx_5Zp5cag,Nick,R.,
143,hSoKKWrNdyRJdNE3--fY9g,Jen,R.,
144,TYCkjEHPSJSnFb6m6GDluw,Mike,O.,
146,aB3AfX61a5ZBtpWlCAB4Mw,Ashley,A.,
147,KQMzfaaI9jfo68S4CsCifA,Maggie,F.,
148,hfoQz3eUkASnf3bs7AdbuA,Tiffany,T.,
149,_jjbwHWLFA5GjWFWGLj4ZQ,Laura,L.,
150,rA97zeqOrUYuEM69n0Xn4w,AMber,W.,
151,5R34ELtJ7G7GS3gmTi6M3A,Jim,H.,
153,MWuVbyBgP4vD24Rc7UH5xw,Corey,Tess,T.
154,EbbOIQ5oAamS9D_B_7cC7w,Ryan,L.,
155,6Uup5yoodhI5upHNaPUKVQ,Michael,C,S.
156,M9rRM6Eo5YbKLKMG5QiIPA,Aileen,B.,
157,6rGVoAI0Bl8ZEbMNJWOK3w,Marisa,S.,
158,gIWzYF7HQ8FPhPZ8e1xhuA,Carmelo,W.,
159,Wwfgp3-I2DpQa37UJipeOg,Jeff,K.,
160,AyqFPqlVYrsadlHfkSZbPQ,Michael,S.,
161,T8LqkYbwMPZmvXSsUfN8sQ,Morgan,D.,
162,9hMqNBBpTl3lBy6qCAyu-A,Eli,H.,
163,2sNEKxKcGaTVBJiokqp9Zg,Joanna,S.,
164,KeOtkw4dKMClBUurmL__7Q,Kirill,K.,
165,0Io2urFUolbW5kpS-u-pNQ,Melissa,K.,
166,tJlQFy645KRf5ffreMAqHg,Matthew,P.,
167,Wi0VgIrbb8vqU6weyVw6tg,Dave,N.,
168,5ANQiGT0d0RWMJG1LCvNWA,Joe,P.,
169,kgUlckbRyHvMD_78NoXE9w,Brian,F.,
170,eAJ3Ip0vh-zuk_BmcmchYA,Jennifer,H.,
171,Hou_hLWpNP8EkGCEP2w-PQ,Nick,G.,
172,eA8WqJj_15lWURDwE6DsKQ,Meagan,B.,
173,MFGDwMQJijNc0mHv1s_BUQ,Maci,K.,
174,tCbEkK11lnqeaNVkhlurrQ,Alicia,G.,
175,R5WcogaoAwjdHxrB2v5NsQ,Bonnie,E.,
176,bpgbVPJcG-wQ4cNBcPPIxw,Monica,O.,
177,RBZ_kMjowV0t6_nv2UKaDQ,Lindsey,D.,
178,XMy-OTpVY8O1L-8w1zOKcw,Shannon,E.,
179,Et79VAN692zD2j32PM1E8w,Toni,J.,
180,b8LFVfj8Gu3FWJB38b-EDQ,Michael,P.,
181,nPXVprOV3ioobtAc_s7-CA,Brian,T.,
182,oJDcQ6r3dl-eu3HomegRAQ,Michelle,D.,
183,_R01htXQGDqEmPdHtBOTVQ,Rebecca,R.,
184,4vla7RLWonJFg2og90QNOg,Teresa,R.,
185,xwXw5HW3Y6Gr37V0KxX8sA,Jeremy,P.,
186,KaPt3UlEofgfSliXRm688w,Kelsey,C.,
187,anHzk1C0oQRtfuDj74p2RQ,John,S.,
188,wAqiSluTMo_2T-dTN4Bozg,Jared,R.,
189,Vq73g5hdDBdxdBOfkEYqyw,Sean,W.,
190,5NDk-q5mv8PIDvz83HwMVg,David,H.,
191,24AzZDQKHySwMQR7VQVCAg,Norm,R.,
192,Y_2jMUKz6pvJ0JSWG3u10A,Tina,T.,
193,rPJZ0Bh1Dj-Rw6Yu3iQwVQ,Hannah,C.,
194,U7NLhaVfOJrHb9XLsZbJnQ,Paul,V.,
195,BVKJF0OYYy9uqOEmEL37bw,Matt,V.,
196,_8rmpsX3tbukgdTbBfWikA,Troy,N.,
197,aA5DgDHTYyH9HJ2Ahg6IKw,Kurt,S.,
198,5qZb6nLd7gRnTQK6OKwAPg,Heather,W.,
199,9VLv4NZCIpX2JBTfAV-vSA,Stacey,H.,
200,yQqMq9795AG_SgcePa7EDQ,Cesar,M.,
201,vq6bB7vxk1lzOgqcv5hlmA,Preston,S.,
202,FaAb-CoKW4xDvLTSPtEbgw,Andrea,S.,
203,xHiOLKezxRDjvr7hOOu6bg,Luis,G.,
204,GKzeniypd0sXAGwp_Laegw,Josh,B.,
206,4FXbovgSEFZ5_9S5wddFIg,Lisa,E.,
208,nWh05uXTfV-L7s3iZon4Fg,Aaron,A.,
209,luoKlcUmIIVPpHxXt4LRMQ,Alex,P.,
210,UkLiM2r9UcVXdx81JPGZyg,Jolly,M.,
211,WiX-z39HRThSQmfQBW-UQA,Tiffani,G.,
212,vPOkQJKahhR13LQ2ElSFGg,Chrystalle,B.,
213,WdZXKWoC9OC72kkvHZhUgA,Ryan,C.,
214,JNFvVp0SzJK_dUDtDaAtEw,Mackenzie,F.,
215,-9I98YbNQnLdAmcYfb324Q,Amy,C.,
216,Mcrnc7O4-yyPyu0iLbb8aA,Jeff,H.,
217,za7XkZ1JglooEHMtJbSrnA,Erin,H.,
218,ffPY_bHX8vLebHu8LBEqfg,Chukki,S.,
219,TQo2DFe6O6LWALv_awgcCQ,Chris,T.,
220,yrGIgk5eaWy-eewLNv4KHQ,Scott,D.,
221,sB9W6Tbr1A-ERfUXwJxirQ,Reese,J.,
222,GwWjnIPiaw9uBOVGC8s-RQ,Had,R.,
223,6QGMeURgSE_Elh9Gzqezqw,Timothy,C.,
224,_H1VvAk65d2z-2-XuLHkmw,Jackie,S.,
225,US4cngzcLZBPSgHVn9gq0A,Danyell,S.,
226,gQJQv4hexyV_80e70rck3A,Jessica,F.,
227,qSn38n1BpesAViuYCrdn8w,Bob,M.,
228,siVtjO8xrSxbrK-zqXCGew,Alyse,H.,
230,u7CmPRWVr42TIysPqjZQrw,Garrett,M.,
231,bxBR0vakC_OAU-5rCYCDsw,Sarah,W.,
232,J6bHv_IydV6wdUgkUJlbGw,Honey,B.,
233,gH3JDpHQfVcMEGaAaCJPjA,Dolores,G.,
234,Eg5niduTCVnaIBzGmoLiVQ,Brain,B.,
235,MPGqUhAsmVEHq9k9X6VZKw,Kate,K.,
236,RROLYsQezNa4ddSapS8uEQ,Francis,S.,
237,1J1wECaKO1sw8_iMKyDjKA,Sara,C.,
238,CXVMRsnbuuNKetMy_gAyBw,Meschelle,H.,
239,T6jCRh9Qi6bzAp-TG2Duvw,Dave,N.,
240,6jJSCNe91scG9Nrn2u0oNA,Stephen,B.,
241,K1eMK0qdfqjzVpqwN8dDJA,Brian,P.,
242,5g5BjhARiZ4zw0SthMH0OQ,Ella,M.,
243,pRHZqEI7CX_CZ69QAsuOsw,Karl,L.,
244,kta6QqE36T7GU3qBJIKIXg,Jennifer,C.,
245,OifzOYtyVuQjd2ODAlWTgw,Jessie,L.,
246,icEE9T0bOVwiAcPs4ogeLQ,Teddy,L.,
247,PadmV2GEoA6mWpQUpPh7Ig,Monica,F.,
248,NC2RkdIY9dPowCyUbPxm_Q,Julie,R.,
249,0O1hyOGDEFUsDwLTEjsfqQ,Sam,M.,
250,9WwnzlCuJCyFa6JNVh9lGg,Karen,L.,
251,MrjWsyI5wLyhXsIUbmzt8w,KtMila,F.,
252,E_epad6UlUKXtm-X0us1Kg,Michael,N.,
253,XEHZoTDWjw3w-gcQyYIe4g,Daren,C.,
254,I8fSOBVLBS9h-GNrmOXmHQ,Jim,M.,
255,6l5pRyFV07I62QcVts62gQ,Daniel,B.,
256,dqWVETGq5f_e0K85B_vvnw,Ryan,B.,
257,vGkha82V8Y9fog6iddlTQA,Cadence,C.,
258,fXdANQIcVMmy2rS8_h76ZA,Jennifer,B.,
259,l02gm6T6qEoRq6oSpVkRaA,Madan,P.,
260,D0CNNFo5-ut11tMQ1__Rxw,Leticia,D.,
261,iJVzI-hZl2vt8bPBPeWv4Q,Evan,D.,
262,lJaMhVl641JJhTZhR3s_EQ,Morgan,B.,
263,IvX50u_2WYXh_G1xKUa2Pg,Brittany,J.,
264,mnqTfXJYdIkz_fp-DiGx2w,Elizabeth,S.,
265,8shpeZI0QP6e10geuOOthw,My,L.,
266,gynMtvoyHZrSDsHMecwd8Q,John,G.,
267,vucdcXAh4tMgnjDRrK8JNQ,Edgar,C.,
268,fSvFRzmqSiYz5nR2XOGuug,Jesse,P.,
269,NXstUH8IPeci_8KKxRJ8tQ,Robert,B.,
271,SsYHb0uyECshxjzUJ8ynag,Dallas,H.,
272,P2sQVHyHmy4WA0I7NI5hWg,Jacqueline,H.,
274,QjEHA4t7BovzKVeH8TzT2A,Robert,L.,
275,mIMrDt-dUkdcNKDBMn-Rcw,Rhi,G.,
276,R4-68tlEQjtxpR2PN4lKag,Maya,L.,
277,PyGKfcNiEUGIpN-qv33nkA,Grace,G.,
278,k4wdyggPb3eCcPxK9DVcdg,Emily,G.,
279,qCzx039NVrJkWnZEqQ1JKA,Kelly,R.,
280,Rttywvumr25Tldh4Ln7Udw,Jaime,S.,
281,sa3ln0EsfmJiwcdNdRjW-w,Jon,R.,
282,Vw3DWRZF-8Wt_A5rWKLKHQ,Ruben,M.,
283,Km0y0xsh3V2ATNoZd4jb7A,Dustin,D.,
284,9VNygTpE2IHhrlG1huOH-g,Callie,M.,
285,nY9eEoPx62SxTwj1JbPrSg,Thao,T.,
286,Yb0sEGrbcgNBV23eS5SPtw,Valarie,A.,
287,lJFd_nWHB4q5k_qKkpc5Cw,Carol,N.,
288,yAvUeLKScL2ByUtFhiFjLA,Casey,M.,
289,_cMkshHB_sijQWi1rIOXrA,Kevin,V.,
290,NNXx0ccFbBLykwbmq9uqMQ,Jason,T.,
291,1K6hZMMBPusLvjtx11Y4NA,Eddie,K.,
292,qFyuKO4AXqnb28Zvm-Ga0w,Randy,G.,
294,06nPh5UTpdzVLREi5-1u0A,Landon,S.,
295,nT9HC1dXwlk6a_Jqx4v_Ng,Coopero,C.,
296,EL2Ix01VF_whB5g9CHh2Ag,Jacqui,B.,
297,PdgpUK6fHArEXsPcKFHXOg,Ron,P.,
298,1FzMnX7jM2-YszqcyJ3ArA,Stephanie,C.,
299,R6Zufm7SKnyYTplH-ZvFgw,Tattoo,Trav,P.
300,1sGYXSkJHPhJ6wQtc-RbZw,Kimberly,M.,
301,2jvZHhzBAm35Yn1yX4RzsQ,German,S.,
302,YORJi2JtQg5Mo4nmKOXzag,Dallas,G.,
303,wF84ppv1ljvvSPgZq5GcsA,John,C.,
304,uPDo46xDK_DDqMChG-wYaw,Alyse,S.,
305,_KOBxT5bQdVha0ics2GRfw,Mindi,s.,
306,3q-Nc1wWrnyKB53I0ZiCwA,Shellie,B.,
307,JbF91KC0BU2zkuxufDTsDw,Michael,T.,
308,OAN4FPoDiP2xgy6_9X5bbw,Eric,M.,
309,QSX14GHog99B4TFZTyUwoQ,Eddie,Q.,
310,5JufpO_kirHe3hiZPfwjOQ,Eldon,R.,
313,OtXdXTn49QlXnpccEowrlQ,Lana,A.,
314,JjXuiru1_ONzDkYVrHN0aw,Richard,R.,
315,oCzwRgm4atl0NULw4r4z3A,James,S.,
316,UXTsDU3DJLW380wgcExy-Q,Melissa,A.,
317,-8KVuZ0UsuuxKvtQ3A3hmw,Jorge,M.,
318,Sxq2Yu0kJkOFKyaKVoVYVw,Russell,H.,
319,QnIrewrXxFnssw_gG1gF-Q,Sarah,S.,
320,IyIsFkVY48JWa01inv-7zA,Rob,W.,
321,1sMZdqmCa_X2Lf_x6XOCFw,Patrick,L.,
322,9XDFZlGs4-QwQx44YODnWQ,Courtney,T.,
323,ZERpGXwdvHjWApWRcVofSQ,Cecille,R.,
324,8Z9ugoA4MGwiJVh-CB8bhQ,Esther,A.,
325,mZM-6gO_JRq2wyFEdGNVKA,Mark,C.,
326,Ve0LUwcrzxL7w0RYgY4Aaw,Katy,H.,
327,c-Dja5bexzEWBufNsHfRrQ,Vince,V.,
328,cST8Zaw_m73cMYPYA1m1cA,Heather,F.,
329,vc4mkEa6Ug5cQudS0EfytQ,Irene,Y.,
330,f2PVh-nGeNu3mtYFXOBB9Q,Vivienne,D.,
331,_z40nxp030E-EWrIWE1pbw,Aditya,M.,
332,YOChRzTztTL_KooP9wEtSQ,Nicole,S.,
333,kS1MQHYwIfD0462PE61IBw,Rob,C.,
334,j14WgRoU_-2ZE1aw1dXrJg,Daniel,B.,
335,lj3rJy1dUuHMDnqU_OCfsA,Kristen,M.,
336,#NAME?,Dominic,B.,
337,m1X1l_d6mEoZJeENiTVsmA,Alex,L.,
338,SCVXTOahtPQJ7i_ZHHgREg,Anna,B.,
339,LGa1GmTItb4bu6HI7KPKfA,Les,S.,
340,fjEukWsKu9k8E0gJuRwf7w,Minerva,L.,
341,aoz97hVqJxrfY5WGUZouUA,Connie,W.,
342,PkNs-Rw6MHQfu6j5pBZMMw,Maria,C.,
343,1h1DD2hgfgud7V4NCE9mVg,J,N.,
344,dMvs7AzNmnXweaZ6SJlNrw,Angie,W.,
345,Wwd1itJKifCiPPpZeF8sBA,Phill,C.,
346,b_Z2vamgc15EzlHeW9t6yA,Susan,L.,
347,xlv8kfKEy5ljkEzhuYRNSw,Jason,S.,
348,kW9S9yks5Fe2SA65tb9gfg,Shannon,O.,
349,QBA1hBjjZE975PwukWCskw,Denise,H.,
349,QBA1hBjjZE975PwukWCskw,Denise,H.,
350,lquc6IF6uGIeRomDLu9UnA,Ron,W.,
351,rCWrxuRC8_pfagpchtHp6A,Darren,W.,
352,G3pq44TiQ5CCM3tLbraVeQ,Lily,W.,
353,xRBnIhqYTJZcEA4-wuZ4uA,Dan,G.,
354,letRprea5K4Qmw3xw83H6g,Gina,H.,
355,NOWHAb-N0BBLVc_WPklY7w,Steven,S.,
356,bDXSrl19qIe0Hb-cZcCJ5A,Jennifer,P.,
357,ipDRBZ7qsj9CdO2zuqWGMQ,Jess,F.,
358,IucvvxdQXXhjQ4z6Or6Nrw,Sunil,R.,
359,dBf39SmNQpu7yuUoqw2PSw,Andrew,W.,
360,eSlOI3GhroEtcbaD_nFXJQ,Jason,G.,
361,UW9L6MIaSEzTQp6_WYFeDg,Joanna,R.,
362,5Y5KbsI5buMcNh2hTFaRpA,Marcia,M.,
363,syvwUKQJ4OYfmL_ixVLMeQ,Tina,C.,
364,PLCijWEcAk74aiYxHb_tYA,Roland,L.,
365,jIB2OJCMTE1IcSMi9Ur5hA,Alex,L.,
366,dsy3hLrJdOGEb-WG0mq2dA,Ray,V.,
367,mwQCoS_tJUK7JC6cVw_mdg,Kim,N.,
368,sE1T1wT2alHRdy5iRezN0Q,Rach,K.,
369,dDsI6CMFIrBHJ68b8KZNCA,Richard,K.,
370,0G-bcpdR48tfZy6koGUiTQ,Rhea,P.,
371,703E1kuAN7we3Eubx7BUEw,Vicki,D.,
372,84EopsfQPrmekSBQcQtasQ,Lee,L.,
373,swmrfBnaqU0nyJ3pFBfNgQ,Rita,Y.,
374,oLvIjpLBSaJPuvgZ3BGDEg,Cara,T.,
375,XYSDrIef7g4Gmp3lNFVO6A,Neal,E.,
376,EA8GylDs_8kpvbkrRppcgQ,Bunny,N.,
377,jx-Ju34y3HzTQKgVxLv9pQ,Heather,s.,
378,N6llta3D8IVSPQ2k_rvWbA,JR,C.,
379,yRoRj9udUnGN-BmYCsq8WQ,Lerue,C.,
380,rv9d5TcnnxuOCX7ole_Clg,Jon,L.,
381,4_mUWwbwbYMyVgqVm6taFg,Matt,M.,
382,nMoIFAEfDGEbzULmC0HnAQ,Steve,M.,
383,ALM1ICqpjswN56h6-2hS3g,Mo,Y.,
384,3mNz5nQFTIBQm0oU5mBR0w,Michelangelo,S.,
385,IwHLuykqqmGVNHJ_UCwXWg,Marqus,R.,
386,f-0UwsC4dmp_WHe-NbbEVg,Brenda,D.,
387,6JOD7pAVHb3oC7gYWuOLkA,Tiffany,C.,
388,BZZKX1-LuWoruSstXPzanQ,Jaimee,A.,
389,QV0oA19p0l_rTyNwH5MBbQ,Alessa,M.,
390,tj1_wCDgqva_dYLSDdVALQ,Karis,O.,
391,YLrfEDniMeEM8AFjL9C7ug,Ling,S.,
392,Acapau_RiNy_9M_TieUmwQ,Katie,C.,
393,EhdKnqsqZf07Awj2oWxjZQ,Kenny,Y.,
394,nRxjaVrNn7Q9m2N5mBCewQ,Michael,K.,
395,#NAME?,Matthew,L.,
396,6p1NDChnIpGl29Ce3cMKWg,Mohammad,N.,
397,gS4QCL6j_umAyfJXBGAZJQ,Maheen,M.,
398,hsu9lyXiAX5dQD4lLzYyyA,Fred,B.,
399,zYFGMy1_thjMnvQLX6JNBw,Wanda,M.,
400,ncvgNeEsAIAuMWYFN2blhg,Tony,J.,
401,lCmvpQfFpdxhbWVM59eUCg,Jocelyn,L.,
402,gsicN5eyXaVA1wo3Gft51A,Roberto,N.,
403,dbWn8HCsG3eI9AmS2G3O2g,Ross,M.,
404,vguybeVhVDGETEm68XzggQ,Kimya,P.,
405,xzFwCeHtPczly7G8BRx9Qg,Liz,R.,
406,w_UVFDlQso9NWfLSCSkgXg,Jeffrey,D.,
407,WPl2gULxrrh_GoypMzHF-A,Paul,H.,
408,wSByVbwME4MzgkJaFyfvNg,Bryant,M.,
409,8k3aO-mPeyhbR5HUucA5aA,Victor,G.,
410,WecuAsHBDZGj7Z6_sJcQAw,Jason,B.,
411,ylnlAS9bCbxEcPRfxuhJCQ,Mark,M.,
412,O8ZV9zJDXq81MT_XM_63Hw,Summer,M.,
413,ZYZNcugF3xUEGyLOVGiZ0Q,Carol,K.,
414,E68ZPVpcuWhxvnjq8vTqAA,Tom,Y.,
415,Jmq2U2ATDyN_aGazRiJTKA,Gabriela,G.,
416,q64VqG0x9FyBWRvt9wX3tg,Dana,H.,
417,6mMk9hO_RAbdGMEGeg3oWQ,Jim,C.,
418,vW5eBLliL8tJyGU-mgh06A,Debbi,C.,
419,kepqZPSeGh0Ns1zfOgL-zg,James,Y.,
420,9E1ZgRNi2F9SM1WAFHj0DQ,Rachel,S.,
421,0NI-Kls4nVr1Cr7ygyPVbw,Kristin,L.,
422,wB8ATiDKotKsP-jEPJgwtw,Chris,C.,
423,o2iirO07Fml8NpmwD0NIDg,Kris,A.,
424,0x7s5SZLY19HY_9q2o0wTw,Lisa,A.,
425,hcGgZ4PbKcM3K1clw7tEGA,Meg,T.,
426,eXb64jE75fF7Pgz-Gm3ntQ,Jennifer,N.,
427,KAHugHNrixqdecnTqz190Q,Bill,G.,
428,Nmo7FytsQZBRBhKe3CpP3A,Liana,L.,
429,lConjPFTZqz4zWELK_EJtw,Keila,N.,
430,GXJZVwfSkDONQgfEqo4-Hg,Latoya,S.,
431,9MRfuWJKq1FM3nfs4be7NQ,Michelle,I.,
432,ln3T91-OGjEdi_yu2mD70Q,Lindsay,M.,
433,6ce1NSAUt1Kr7efrLI8XQA,MICHELLE,C.,
434,ueClFWN0WePrtUSayd2FaA,Michael,S.,
435,V6svk98_CD59tmE1X6HTzg,John,F.,
436,JNLTh1iGDWLncTlnESdv-g,Heather,L.,
437,X_DkwPTzdO_VWzUcbUXREg,Eric,C.,
438,k2CngZAw8oswPFFQfO2sZQ,Alex,H.,
439,d3z40rmIJ5vbAW_2d7kDjg,Danan,C.,
440,nmdkHL2JKFx55T3nq5VziA,Nijole,T.,
441,TYwQtORbORzcX22xdYBx1g,Brian,C.,
442,CyAl5D-GjX-ZtqdQqG4_ew,Dave,F.,
443,B4Rwp0SUYwO8lgSHVT9w5g,Amol,P.,
444,lf1m4CbheuUR7fFZoLGRvA,Rick,F.,
445,YttDgOC9AlM4HcAlDsbB2A,Phil,H.,
446,#NAME?,Catherine,P.,
447,4-M38FPX7WsfQmmbXYD8BQ,Kendrick,P.,
448,Oi1qbcz2m2SnwUeztGYcnQ,Steven,B.,
449,g3n_4X2B9hF4Sqe0Hbx2HA,Gloria,C.,
450,z_bRAR-Oj3Nku9qLF8g8HQ,Lynda,F.,
451,h-8N11JWsQ7iPfM0gQ6MJQ,Jennifer,M.,
452,dXEp1pbm0i2iAZ8Ifnpu7Q,Jon,H.,
453,tPyhpwRM9nS2_TqmEUFMMw,Brian,P.,
454,8LIZpVaDcSxx5Xt1H9MpOQ,Joel,S.,
455,gK9q-OTSYdllXTkZ2NIQfA,Adam,S.,
456,1WGYW-CX5DldELmz_yeXWA,Latoya,C.,
458,hUDEUz8PddhVTShshwQWWQ,John,B.,
459,AHz3sGxkZjAzv8uu0Q9hqg,Hiromi,N.,
460,qoQnKEFhmE1tH8FY4r0Ubg,Svetlana,S.,
461,eAWnP9ZeVo8kp808y-0LXA,BethAnn,S.,
462,EmY2heY9A0dFaWYw-6Ys2w,Ryan,N.,
463,5Lwp4dv_yxLYoh9zihelWA,Robert,G.,
464,Wtqs33i70BpWFzlOlL5hfg,Dale,R.,
465,WSptrgW8NLFBNvw1FOpifw,Casey,H.,
466,NtTs545xdwM98bULhP7HAg,Esther,B.,
467,PzVyLYAl9HgAJ1oRCwsg6w,Justin,L.,
468,4wp4XI9AxKNqJima-xahlg,Rachel,C.,
469,hWDybu_KvYLSdEFzGrniTw,Bruce,K.,
470,B9j0m37WOQ7HYhZEc7AM8A,Gregory,H.,
471,2bHSZhM0huV8LRh3YHaOSQ,Jennifer,L.,
472,KXVZqQdcVpa-ZaIdrDpQPQ,Courtney,W.,
473,ir689oBNmrJXOspb4yq_Jg,Kim,K.,
474,wWa9X07Cq8EVaqJrA5QKyA,Kevin,J.,
475,skxAQWpAe1VL_3F4pxqK2A,Wendy,C.,
476,zUdQOUv8gawN1cSuoRA97w,Sara,A.,
477,fQSH9H4-tdUBkg1vVaUc3A,Lyndsay,K.,
478,7RdeSOlDzmNGOks-8CFR9Q,Alyx,K.,
479,s4NgvdIfBH3UQdccWCyARg,Carrie,Neal,W.
480,_kjNNKOcqDFKZJjFvDIA-A,Jennifer,G.,
481,4zoP_fSKKYa75YY4ua5h-A,Michelle,H.,
482,cKJ0r01eF7E-tYp2FQOyRA,Michelle,R.,
483,qjfMBIZpQT9DDtw_BWCopQ,Rachel,M.,
484,TUR21jv1-_GCwmeO3ouOBg,Sam,Q.,
485,kJAPXKexDlsRaUclpIpOPA,Michael,W.,
486,C69qzK8C7cxntmdSALgrAQ,Janet,L.,
487,GNOX8PWWmaeKO1_3UlTygg,LOIS,B.,
488,DeMB9AsAoUMskzRStGnZmg,Stacy,P.,
489,efZ3lgvDWfq4-U6U-q-2lA,Desiree,M.,
490,7ktyPHE-NGnWxarOqjIQiQ,Chris,M.,
491,gwUOGOldm7ezWSsaPXFFGA,Mike,U.,
492,68XxoMUi-DFklQEWQlpMww,Angela,H.,
493,LTjtaa2tuAYWv17a93PVsA,Ralph,P.,
494,9wdKwQiKwHSQcAXF2I_Z7w,Amaryllis,R.,
495,taPq7IxYskEWH7Vfc261pQ,Danielle,C.,
496,YSb8JRyI75M8FkbYWLH4UA,Dan,B.,
497,5f4UjxbMJwTPgmrHsB4DSg,Donna,Y.,
499,az6vDYEcxiJ4kV_oLcWIUA,Clarissa,Y.,
500,7GVA958q4zs5Z8cdHauU5Q,Teresa,S.,
501,aRJH2Klt-Y4DVjVMLsbcOA,Kristine,W.,
502,1E01Y2k37zXNlRzaDozrZA,Jaclyn,N.,
503,H5d_nFqzwrREE-YduK2ABg,Julie,D.,
504,Ok4JzVqlcGmQ0ZzoIld8aA,Yvonne,K.,
505,4He0DrXT6KM3lS_6quYtzQ,Sharon,W.,
506,qleFBaXN9ZWT62NJyNydfQ,Kelly,C.,
507,psvC7bj9A5Sn0NU3QVvE8Q,Daniel,H.,
508,Z8Q6AZm63tM3eLz8vmdk9w,Cassy,H.,
509,HAv257_IVJnQT0ZIL8Nn-Q,Greg,G.,
510,nT9hrb0nJ0CIox17zsyd9w,Jason,F.,
511,tv730ThtUHwHc9XV5Gp0jw,Sara,W.,
512,xj3u-L1K5Dhq511eA2Z6Gw,Mike,W.,
513,6tDMGnbO4m8ENlUvG7r0eA,Sean,C.,
514,d_TBs6J3twMy9GChqUEXkg,Jennifer,O.,
515,AbMjnKOwg736fcIu8apuyQ,Michael,S.,
516,7RLTk4rftgaUIDSau7RLTA,Chris,C.,
518,W7DHyQlY_kXls2iXt-_2Ag,Maggie,C.,
519,5Ujdrr6RwPMjoZskZGj2cw,Frank,G.,
521,UG4EKu13JRwzRix6ESINdg,Edward,D.,
523,XYWjjklyITIAEBgnZtU-Mw,Cindy,L.,
525,KTK_ws8lu_TWfR7DtDWjMA,Brad,H.,
526,cP4hCjA5ABC2jvh-N1_K2A,Todd,B.,
527,igll2PdsMvQHzJhzttrx1A,Jessica,A.,
530,TXJ59_oLDI4e8kDSvWmleQ,Mark,S.,
532,iIEWzikBabu5XXrNFX8RVQ,Alan,B.,
533,G-mWHSm6XVp1oe9PN7NUPg,Bruce,W.,
534,xsT4KZTu_KnOVavtuXn4RA,Rodney,S.,
536,Epra6le9_YkbHV0wbI4T1w,Abraham,N.,
537,duRuzZ-GitlP34qyW8s1OA,Alida,R.,
538,c38IT-WyaIfNXO7PAaTu1Q,Stephanie,S.,
539,PeLGa5vUR8_mcsn-fn42Jg,Michael,C.,
540,ZljxRipwkMk9u3JXEi67iQ,Michael,A.,
541,wawNqm2E5eZKc1gysW42wg,Christine,A.,
543,L01sjA8ajv8S18LMxi4JRg,Dave,H.,
544,N7E-CfqdME28dakWdEKNvw,Linda,W.,
545,wm97KC6G0resSDXTmNIMKw,Dwain,C.,
548,t_7ngdXz_NgOxbPC0e0xoA,Michelle,M.,
549,7mL1UBEkMZSV7c9re4huRA,Sam,L.,
550,NZOTHK7fVn_4L966mk25EQ,Ron,Q.,
551,iH5YQPtx1qrNG4t2-DjI3Q,Craig,Y.,
552,ivcxHJYf_mifoml83GA_6g,Shelley,L.,
553,iaT_n5rb7ivYnbpeJXqlMQ,Vivian,W.,
555,5XAXkk6WENi0OW_HSSXRWA,Chuck,D.,
556,1TsY_wvCLQvL3mNHUcHo4A,Dave,S.,
557,URPjW8ckLuLDLR02uuLpTg,Ken,G.,
558,WGM7TJ_U7Bbwx8C4Wu4F8w,Suzanne,Q.,
559,6RHP9VLglqGXydK2mTMjAw,Loren,M.,
560,EOxdQuedwe_2MkdLnX7MAA,Michele,M.,
561,7KS1PJ3kYyuSCvCrLohUpw,Raymond,R.,
562,QFjqxXn3acDC7hckFGUKMg,Jaeman,M.,
563,2dv7J4F9WDUu0fF2PH02ZQ,Jessica,Y.,
564,lw3MIHjF-2SRVnkivqChrg,Chris,C.,
565,NFIi_aXNp4QM29Ufn_lzyA,Michael,L.,
566,yLW8OrR8Ns4X1oXJmkKYgg,Kimquyen,L.,
568,U2aPK_uBJe2eSDwXegoo1Q,Jay,Y.,
569,nXMMoDzXRByQiWH9cf-FAQ,Michael,F.,
569,nXMMoDzXRByQiWH9cf-FAQ,Michael,F.,
570,CL0RX4eyVpUzd2R-fldELg,M,D.,
571,BxV2pTVmYCW15gSZAPMFKQ,Ryan,C.,
572,8XUQjEgcLrrwwi1o3bdDCQ,Amanda,B.,
573,6cKqMlDIkd3nJsNPKWSCug,Chuck,S.,
574,oZ1niW86oM-onK3s98ZLyQ,Monica,L.,
575,yZS81ytT4TnAzaQ9Qs73oA,Danielle,W.,
576,YWWDhFvemd93HKof8D-QoA,Michael,F.,
577,2WNF5PiFkBmMlKFcxiijZA,Hugh,H.,
578,hVRpLwPfgRaU6sllAHpnAw,Ian,S.,
579,jQB-yh5WoOPMrfqwZEBfSg,Matthew,R.,
580,GmQR50bIII7gDNRYEgfXfA,Tiffany,H.,
581,A3RNfsoCdjH3UmYGm3BMVQ,Sonya,T.,
582,wbAvWxfh-NjkymmiJZWyzQ,Jody,C.,
583,vMBbRZzpmJEKzRDDGwIReA,Bobby,K.,
584,TwPlaNvnziaN2wB3lk_9Mw,Cheri,Y.,
586,NsegE9Mqm3GCQeSx0v0tYw,Jason,B.,
587,RwIhCWHhTDjWz9qcEFUfYw,Stacey,D.,
588,Hqz_L-q1Ax34ihdSMIyB4A,Vern,G.,
591,Jmx3acL7JIgB3vY2qrQNWA,Priscilla,C.,
592,a7K8yNKMI_-BnUgIOepLaA,Jennifer,H.,
593,Tsm8VraTp5OGyVALtUiCeQ,Monica,J.,
594,O14B42uWvjNWQgKbxpWxuQ,James,C.,
596,BnPJGpgKMpdASPEYuwse8w,Mary,Kay,K.
597,0Hm4Cj17ArxEwe7HFpYBuw,Jenn,C.,
598,aEn9MSE3jXHG1WL-9RWKWA,Todd,W.,
599,c-c64rURhBR8V8scSbwo7Q,Scot,E.,
600,i8x5kYXh26WeMFntmlLebQ,Jay,H.,
602,Y0DSxhhChQwzoQsLeDuvRw,Tim,R.,
603,2vFUeQGnG8zdLSQkwfChog,Mo,A.,
604,r0TfQlTVsaa3FU6O9bjCRQ,Nicole,S.,
606,l_jtkxcf1kStBzfkwy8fPw,Sandy,D.,
607,kTYWaZrSr6JPtTleFVR15w,John,D.,
608,ghQZvTiGa5M6v_j2lrtFfQ,Isaac,C.,
609,pm2Xtpl0zwp94Yaj5cT26g,Keeley,B.,
611,an-ijVpGQxgiOBX9qTBOyQ,Asina,G.,
613,MOgGz-iTr_vSz12S8bC4mA,Amy,H.,
616,xIx619k3xJq_UwpSrWsyWg,Queenie,I.,
617,_9WKSGfBn193Wl3vd7kt1A,Lauren,F.,
618,GF_BSqaNu69aKn0AR_M9Wg,Christy,C.,
619,J18ol0RI1TuyqGKFZJfh3w,Robert,B.,
622,U9OMTFeIXK31a8e1ATnEew,Alex,L.,
623,dPY7bBf9hY94Fr-XXuzcCA,Brittany,C.,
624,9buYPZqXnxVgvfM7mYvA-g,Bianca,J.,
625,sOZfGLRjhcEjAKBLZKcJGg,Jeff,E.,
627,jrMxBHW3SlUGVGYWvPsHWA,Char,Y.,
628,_LbK9H21Hm6nx7FzjeGpEg,Marty,B.,
629,DV2a1_Wbmef7-akGbT6rlg,Eugene,F.,
630,1Xw0qrx8Oo0MXIrYY9eTJg,Lori,N.,
631,mH_vxQd4iLSX-ru29bbLaw,Rafinity,Z.,
632,0Q0IgUtm3B0jnfj8YcCKfQ,Bill,D.,
633,nWxvB7rz4_FkG1ATKQuy5Q,Hadi,M.,
634,aKhv49qQ1A1MDvGZ-cVh7Q,Eric,R.,
635,Z5_KJ2U86Xe1YyckqhgOdg,Emilio,M.,
636,574x3ezQTKDSsq37bi3HPw,Tim,C.,
638,Ss6Fz9oK7HCOvYllxpdwEw,Ida,C.,
640,w1TjcJ6itK7LC_IY61NQIQ,Nader,A.,
641,juLlBJ6SQMyMLxPLczZxNA,Renata,K.,
641,juLlBJ6SQMyMLxPLczZxNA,Renata,K.,
642,_78TE24hohTFMwURU2mehg,Ben,V.,
643,iDlkZO2iILS8Jwfdy7DP9A,Judy,F.,
644,GBfzyv0EK8flUL7YUdM-Uw,Brad,P.,
645,Hm5PtShXQbFUMdsL9yJVGQ,Michael,H.,
646,r3ov7FgibBx41_W74I1KiA,Pauly,G.,
647,3eUPfBdVr1BexmC0bGgCvQ,Ernesto,R.,
649,DarSrXhUck-tFkp2bMxQqw,Geneva,C.,
650,l8C_2LLgP7Hv9gLyfq4QXg,Johnny,P.,
652,c0wh1o6Scq25sgjDsjD5rg,Jordan,Liam,D.
653,yH3Jyu5vRTAJ8uMAD2bLGQ,Andre,E.,
654,hg71CGHy9bwpgY8cGVVg4w,Alan,W.,
657,7SFUWbb33dOR8lmO51h3dg,Andrea,K.,
658,SCo1UBoeN3bhRMkSYuiX1A,Ryan,J.,
659,mX84lBw8jwS2uQqdgKu_aA,Mike,O.,
661,DwIetk5y9m6AypCjPux6RQ,Maria,M.,
662,2KnoduMAam0OkBERfv6Uvg,Christopher,T.,
663,gBB5kMi-Xs3ub8lfZDCRbA,Melissa,V.,
665,lU_aNRWw8edBmIi5_NARmg,Don,S.,
666,GYutlm3WoyWozve1T1_DWA,Eloise,O.,
667,VQA4V7Uv_PDkgifBcuG63w,Syed,K.,
668,vVYZmlco7x4KK_wY-wO1cg,Rachid,L.,
669,7sNE58P4AvsX6QHE8ypCiA,Sheila,L.,
670,sys6XtOZVLDzwn3qistBKw,Henry,C.,
671,nHoV323Fh7ZHSgXuNbDxkw,Bryan,Y.,
672,PKZLwAGgBtQCjJtGhyPETA,Heidi,H.,
673,wNmPSzW37_zDE5Bd8R2RBA,Tim,P.,
674,OMzQAdzm9cJusfLvJi-htg,Elise,L.,
675,hDCI6sHwATD5E2r05zrAZQ,David,R.,
676,MfxdEmaH-0_ITpuXU4Hgzg,Kevin,H.,
677,JtjnGTZejClempqv1OaLqQ,Pablo,S.,
678,_VTkMoIa11C9IA4zlYbsOA,Elias,A.,
679,pweBa6eYS8ktSz8d3ca1uA,Island,B.,
680,scfLHjLuV5rvj_9ATUD5Ug,Daniel,P.,
681,CcRfRjqvHkMTWK7aU4bnPw,Joey,R.,
682,H9s7_whywv9yczmJD1TCQw,Nikki,K.,
683,-6AZhc0TjqCuT6q0PdgQLA,Jeff,Y.,
684,dyhTHLIf6eWBvU78Y3T06A,Erica,O.,
685,SO78YFzsKbao9xYY4B09wQ,Jenny,R.,
686,6gVQS9Ief4eJUNHdC1V4UQ,Bree,H.,
687,Fzr6fY6ozVoqKBuxw-RFFA,Ashley,B.,
688,dvl2HYHqn5Md8zUUkljhBg,Alyssa,A.,
689,_qDBBoXEGB5AdRb33uJrNA,Phillip,R.,
690,03OhJB2KVcukAPIzcCQ1PQ,Fred,A.,
691,C3z0KAr_-sM_tsyQHv9DFQ,Glenn,L.,
692,SnMk13_FIO4T_f1y6YQLmw,Sean,S.,
693,PaNO-eyIdrdZnF5FeNjd4Q,Aaron,C.,
694,NL3QfgjmbygOr8g_erPtqg,M,J.,
695,z0dqdq9T8kquY4VeyqXTqQ,Ann,S.,
696,3Gyy-Qtw6VsmDozjmu3IFA,Nick,D.,
697,ylTvtfd49d2sQ7N9eyWzeA,Mark,B.,
698,W7Nl3wEibJ5VgFlJLvPA4Q,Danielle,T.,
699,yZdfEKXGAnEISaSMYTRPuQ,Darrell,S.,
700,03FWBi8ackcSksjO1o2GSQ,Dave,F.,
701,8NIoKQtzz_MEcOTZOQYOqQ,Kelly,J.,
702,#NAME?,Nanci,A.,
703,qqzWygZR_bNEZuufHyt_aA,Nichole,F.,
705,KmQ_CaPWlNBuaxrwVTZt5A,Fay,G.,
706,8DX3pBJt96HqRxV8ACLdYA,Vijay,R.,
707,WgbbxTRIy7MwDKn7nL5WKQ,E,M.,
708,GDVDWlJAneHlpr5zbwshCQ,Harrison,L.,
709,IBiHQzvzP01UNuLbADSz4A,Marc,T.,
710,YEsh-gs-iic5PWCS1yoA9g,Allie,A.,
711,sy0MNBrbdFQXyyVWRoGcTQ,John,L.,
712,zvfxtQYwAjar8QQQG6Bk0Q,Toni,J.,
715,ibZIMJ55dvoqag4_JrQ4sw,MaryLou,D.,
720,quH7oYf3C-_klKjP-cklCQ,Valerie,M.,
722,A3eAIFfkvfudRM9QeEaIJw,Imran,K.,
723,9SiMC8YFsAZi1kZ-cyxG6w,patrick,b.,
726,qzRHQKy7MVYO8-fWQU81dA,Dennis,A.,
728,5AyaCHkJaeMLmjzu-NwZyQ,Frank,L.,
729,-0IiMAZI2SsQ7VmyzJjokQ,Christine,A.,
732,LoKOWvUpjWsx3emo5B4g4g,Brad,E.,
734,1Sl_w3Reyrirhxp4wpW4lQ,Chris,E.,
738,gjhzKWsqCIrpEd9pevbKZw,Miriam,W.,
740,1BjI1-O1gxSt8TRO0yD8Gg,Kerry,M.,
741,YpGt3hdq5adPlEFn9fQ2Zw,Taric,W.,
742,o84KZeqgy0YGLmz5I9P-pg,Krsna,V.,
744,oWd7wL340Z9JiGf5Wu_bSQ,Matthew,D.,
745,3ZBpO7pSDSz7MzxLNOxUMQ,Priscilla,A.,
747,bA_0WltreAfajPFUm5rgfg,Raquel,M.,
748,ZW217qAFcBZIFYQleDnm8g,Shanna,K.,
749,7SN81BGKQSWcH-y1oh1k5Q,Ashlie,H.,
751,1DsuFRjdW0gDA23Xswzoqg,Kyle,H.,
754,n9RM5dQs7DEbUNZR2AAPVw,Ramona,B.,
756,9450TymL5lmb_rrmLOwjQQ,Axe,P.,
758,tFTU5yWOCQLqJMs2YhAaFQ,Chris,B.,
759,JZsDEj8EnFppjzoAFKm-mQ,Joel,J.,
760,gScmsSCqBeFPp6q9yG5nmw,Evan,B.,
761,TPqPyYhuZT-KpHN6ff5lig,Scott,M.,
762,5SBJbdK2SGAMc6g2rkFGGQ,Greg,B.,
763,b1NOAQSKdOT3susb5XcMtA,Megan,S.,
764,9LkNJPfn7n0b7-e-56vdvw,Tony,M.,
765,fzV-0gh2m5anmq7onUnUtQ,Apollo,Y.,
766,NkVYcoaThHjOfTTgq6OdHQ,Michelle,I.,
768,5BydnCII5onM_iYxz4a5vQ,Noah,Z.,
769,Ef-NDzuYpy9Y_ntbk6GUfQ,Dan,L.,
770,YTDM5iqsTFIyi1oUBhE1aA,Ife,A.,
771,vimEpZnvi38O0Vz5uaNj4g,Christy,F.,
772,qYvD_MFjR7zwFBwUO8KqnA,Cesar,G.,
773,vRjVhl3ONG2GfWY4NXJZbQ,Dan,B.,
774,dvu83QWKsnnbGvNVQ3mv7A,William,B.,
775,75z9W54jqv3ngahQkcozGQ,Thomas,M.,
778,yDgBhl1QH-z7UMb6i98SOA,Kurt,V.,
779,#NAME?,Brenda,O.,
780,BG9EcvTb1xrsNNwW9_TV-Q,Julia,H.,
781,gC9syNZtvy4iYv4zftxzJw,Rebecca,D.,
783,fCrrap8LUfdWr9l4F_lOdQ,ana,b.,
784,j-idQunwhcVF9CKc5Go0jA,Hannah,Y.,
785,AKBB80jot_jRNwJj_KhH-A,Ms.,Charm,D.
786,oBYbYmIPe2ny6W99aSMzlA,Lester,C.,
787,KjXGaWhQJQCi-MQQXwP1Xg,Robert,O.,
788,GUW-gkY0AkgCM7Axed9opQ,Gigi,C.,
789,8cf5U6sCwYPKDKyLfSi6Ig,Marianne,H.,
790,IfUap3l-UVc7-FH_j8wPFw,Yvett,R.,
791,qO3BLn-zmyjj8dedMsfOMw,Jerry,F.,
792,uOIaBdtM_uNHDNWW51fTgg,Roberto,A.,
796,b4vN8-YHcp9o1wGTYJz6rA,Monica,M.,
797,vzw1ZryOiTYGzl8N1yILtw,Deangelo,M.,
798,ucAN8VJoiA-_ysMCgZev1w,Frank,D.,
799,je5k8a3qIOM0VJE5MaxsfQ,Bonnie,G.,
800,syA7uYoDjohc7gWBWaEZmw,Christopher,S.,
801,IvGoufvuI6qqHXbeWSSAhQ,Francisco,V.,
802,#NAME?,Angelina,P.,
803,unY-F7AsYkQDvILMpd3jPw,Jihan,L.,
804,mnDv7bo0HjB6hboYKLazSw,Rob,W.,
805,vtSvlPdACAIb3wLXuY68BA,Kelsey,A.,
806,yPSLJtQNltgPdNecHfBV8g,Nick,M.,
807,6DC0wklyCCirKpglOOCyow,Ron,M.,
808,FvUZuilVX2vmzErQzYmaKA,T.Bone,B.,
809,0Bk-ZpekPDPj8bCi7KyjKA,Patty,S.,
810,JUyb2TzUENaleQLC3but-Q,Yvonne,C.,
811,swN__VyeFg6O_BFR0x5ZeA,Alex,P.,
812,vVYhAa0P2RfpWPQBrlztJg,Janice,M.,
813,cUvDvAuMp4x9U7Qsj8VayQ,Jim,S.,
814,xyFtRXaTjhStZB3Zb9uFvA,Leo,B.,
815,2uZ8uULKN38ZiM-Iakr5TA,Billy,R.,
816,_VfNvQQWOnoafilv6edsKA,Windy,W.,
817,Mz3ZAFChRgBMgaaB5sJU_Q,Melissa,W.,
818,tJ1qdNdG0tZywbgH9uw9qw,Amy,D.,
819,iET89Kf7DnZwWG01z70zQA,Al,C.,
820,dmTv9PftC13bZeIEi0en6Q,Peggy,T.,
821,UdRt5rEBmH9m1T4Hs6zDBg,Rebekah,C.,
822,ACwN3HGetqPVhAgGKzdnsA,April,Q.,
823,tcRgbLZkOL3gClNynlbPUA,Jeff,K.,
824,d-ke0agyoR96COPrt0f3TA,Rami,C.,
826,9sTn59z0W58gEanpgd7PTQ,Steffen,B.,
827,ZcFB7xOpJufgX9hHPFh9mQ,Bobbi,B.,
827,zdK-bM0_5zNsPAfyYuhyYg,Raymond,A.,
828,3nBqOP8--mEcGn93xh4l3A,Rick,R.,
830,hiJRh8szz8217m-0lbfnXg,Zachary,C.,
831,8kNqS_u4dXrRBJqyasEYyg,Leighton,O.,
833,NRWFmfmcm1KwO3gSCzZcSg,Dawn,S.,
834,GiQ2F7ociTqGTrcL6kLpAw,Braedy,E.,
835,PSvICgZjmXFxB_eG9laA1w,Maria,H.,
837,2NkH5JgebO9z4ZhsONtlTw,Jennifer,G.,
839,9d52DhEbJQ1w5LXaZw4nzQ,Cher,T.,
840,SdJ_D7kirRYOlVDKc8ahTQ,Mandi,C.,
841,5kWLbT_Rs6SnskEIo4NpMw,James,Swann,S.
843,xmVUzTVkh1ot4fRrr-N8qg,Jacob,H.,
844,HuBgs7uHyUz7DzcaScZqjg,Steve,L.,
845,DJzP-2kjqFu0Hnnw3Oy-pA,John,R.,
846,fMygKGLABCXIeRszhM-3Vg,Luke,A.,
847,1VA0l6FcOIRkTifbd9YyUA,Christine,C.,
848,GuMSltHaSWmDLeQ77V_DoA,Maxine,C.,
849,285ac4ebFwBxQP1_Tpb4vg,Prince,F.,
850,4UlC9tI9DmsTgRb9XibrYA,Susan,D.,
851,RG3jM1TiU-1IWuphixaOaA,Tina,A.,
852,Iu5E_IM5XwTFzoZ2t34qpw,Tierra,W.,
853,_GgWADy9kiCqV168npev9A,Sherry,P.,
854,ssTpujKPbO6AGhySzmrf1w,Amy,L.,
855,LbJRAe7WBzZVjp5jayPFqw,Nyfield,J.,
856,pQdIIsbV5dGOVz_kWfMRTw,Sarah,G.,
857,XRkprfos6mJQeW6uHEMjTA,William,A.,
858,jQPFnhzN4ssfqsLEZg5YSA,Mark,B.,
859,43rpaoRriVutxQbkSxe6pA,Terence,C.,
860,YdS7NVnEhK0gTypX2kMc9A,Krista,B.,
861,B1Xtdo7DWZCeCBiSQY6o-g,Cheyenne,L.,R.
862,6tPrnzTK3LG5WcCDg5q2LA,Jason,B.,
864,rKOVduk_kQpoIiom5lbBAQ,Lindsay,J.,
865,9NiW661GH9-yBJL12_-qVA,Josh,C.,
866,V7TmHIFIs0FOxa3FVoBCeQ,Michael,V.,
867,Wpm8EmzOg_62BiUkP331vg,Laura,J.,
868,s9gX7KrduXX5IVLsFEyA7w,Chris,B.,
869,RTChhKnGLh_O8mpgFVvhiw,Nicole,D.,
870,oFazS7EVeskTkV7VXxfiYA,Dana,C.,
871,xovKY9oB8s-NjKz_I1RpHQ,Helen,Y.,
872,jsaLwsFvr-hDqNyBeEwMdg,Kc,N.,
873,9YRFLVFVbHGAJ1weFx5zqw,Angelique,A.,
874,Unj2p50Fs-jkzFlJIcXtBQ,Danielle,K.,
875,Qu6zV44bbNMbkN9Ghr--5g,Destiny,R.,
876,xbXzu2Nou4FF_LPzTJ3iDA,Ed,A.,
877,HK-WGk9jdqaPVFN9GgkDgQ,Jay,R.,
878,IxB8uybfnHxuALjnArSCtg,Jay,S.,
879,Cx87tFDqcHXPS7QGyrWvYw,Lyndsey,G.,
880,ESpwFKguWoMuWH0pSgjL7A,Will,V.,
881,YuHThakfO_t9dG3df1uPsg,Allison,D.,
882,H8E3rav4xK0iBZKhxrIIXQ,Inta,Juice,C.
883,tmpUupKfrWA6CxhgxdYhUA,Morgan,F.,
884,x1KrIA6bzu7bZZwF8enGZA,Neal,J.,
885,fRPAWLwLUh5MDrpoyJ2MOA,Jack,W.,
886,7HNjviMbLa21QVqa501k9A,Natalie,H.,
887,urXcEmPJ_hJIqtrz6WkZcQ,Danny,S.,
889,JtC1GEkQxTq4hg2nwysbfw,Pancho,G.,
890,P1MYldHAZPsXwQcKb6pO9g,Marcus,R.,
891,J5GcP0eHXxKQPEhdg6osgA,Nadia,G.,
892,c5XbGsVMiyC6RYGutY_cZg,Nabil,W.,
893,JwkJ3WVtRtVowHEXskNf9g,Aaron,A.,
894,ZTiT_o_yLaklG2cmTcbEJg,Xoe,U.,
895,dO_kw-AXsCO4gQeVpy7peg,Michelle,H.,
896,czpjHPLH8P2zkI1x78UJGQ,Khanh,L.,
897,tMoB-ChZ1tdanIB4PcUKKg,Michael,G.,
898,rch3xeZ9biT1o4-I-d-Z4Q,Sunshine,H.,
899,6smc9bo4qSY_aY9nVxSvOA,Annette,F.,
900,qnQlFCEUX5Q026RW9Nftag,Hashimoto,F.,
901,Vm8lO9xkPzjLetNkaKYkQA,Thomas,H.,
902,LGjzMqiy-xvG-E8q_jHL5w,Troy,L.,
903,w0h7hpJeDycpOs-d5U0Ebg,Cecil,T.,
904,CtjiezSEMAkgVGOxEOb6KQ,Pedro,D.,
905,GSMBpnEny1cR12yPIwO0Dg,Cindy,G.,
907,aKN3Fq2uaRJTwZRPlI5GcQ,Alex,S.,
908,RRtMl0kS2ntfoxcQPJcmZA,Jennifer,B.,
910,4Qzu3MooyeO_vB-tNiQ1RQ,Christoph,N.,
911,lWW_f3wlkab4dN0PcQxZew,Briana,S.,
913,IcQJ9Ewki9Bu0cR-D__pXg,Andreas,R.,
914,2zs2mt6c5plfyf6PdDrnnw,Kim,S.,
915,EEWaEdr10jCtAwyK0U8_dw,Lucie,C.,
916,LmHxPJoB63H_qgY52IZrtA,Maud,N.,
917,AvC5XQAElcGAAn_Wr5auEg,Benjamin,G.,
918,tfM_7rhhlDJ5OhuhLwT0Ig,Mar?a,Q.,
919,sgW7KBn12BaIhqQ_mixb2Q,Fernanda,S.,
920,5VDzo2o5_nWajtB5emHSaQ,Elodie,F.,
921,U39tz4YSeYNOJ_CMxVWZtQ,Anson,W.,
922,TamBkMvDPHCqM0fMO2YIiA,Hugh,M.,
924,HpQ6AMW-v2iDFPOE6fkm0Q,Lolo,R.,
925,IF_G8EqbNODvD8RjTsvo8A,Catherine,Q.,
927,rMsB82tk9uOB6JumPMgczg,Brett,B.,
929,DM9uO9U819x1ugQ_ojSg4g,Camille,L.,
930,Cqw4fJYJwkufdQSmLXEnug,Uli,B.,
931,3zxy3LVBV3ttxoYbY4rQ8A,Farrah,A.,
933,kwLjniiYa1H57LwQX2TGIQ,Li,J.,
935,#NAME?,Craig,Z.,
936,IU86PZPgTDCFwJEuAg2j7g,Danny,W.,
937,bUPeHBFEINhqiKj9-k4-zA,Charles,N.,
938,TLpnu9BZNLTuB1ngxjnIpA,Michael,L.,
939,v-gCiEr8vr9JnMkkR5Uq_A,Audrey,W.,
941,ZIOCmdFaMIF56FR-nWr_2A,Randy,B.,
943,4Y0ha2qM31Ea8jZE2hMUKQ,Sereia,C.,
944,YwaKGmRNnSa3R3N4Hf9jLw,Paolo,D.,
945,6ObFF8-uKnOAlXuSH4TlyQ,Isabella,J.,
946,fccMIyBd6ZhFUVAhvSqsrw,Miss,H,K.
947,AHRrG3T1gJpHvtpZ-K0G_g,Brittany,S.,
949,ZKhNODNqHVJYg2tZHwK3sA,Tara,H.,
950,E43QxgV87Ij6KxMCHcijKw,Nikki,W.,
951,ZqO2776PGEMZRjsX-mfXNw,Douglas,P.,
955,aRFDw9Y03_ZyOA3zMMcMaw,Mary,Ann,C.
957,NZ5CvFZhNK1VivFi5tPt2g,Cruz,K.,
958,o4tYl3Hz0oDfpNn4k02DCw,Sandy,K.,
959,LFzCNWu8tIxGNPk358QVJg,Laura,N.,
960,Ms8RDCB1s_Rs9Mo29QBkwg,Andy,G.,
961,MqDgSw9wZFsaFFPRKh-k8A,Tommy,M.,
962,i_is4plaIQhO5zddLvgsfg,Tito,Y.,
963,xK5mpFzMTY4xxCGjK1Uw6w,Zared,G.,
964,23J4vG9_xxxdnmi8CBX7Ng,Joan,S.,
965,AQGMTHae70n3MnONotAuYQ,Kathy,V.,
967,om5ZiponkpRqUNa3pVPiRg,Andrea,R.,
968,_4D8Uz6SzBenufe7_3obrg,Gretchen,C.,
972,52oH4DrRvzzl8wh5UXyU0A,Lucky,N.,
973,e3fX7_qkoSm-6-yTdlwcXw,Riza,H.,C.
974,7qocyiUP7Vkft8ycxCOzgQ,Jessica,S.,
975,HTct3dzu4bocK0ePf4w7CQ,John,H.,
977,Q9mA60HnY87C1TW5kjAZ6Q,Evelyn,W.,
978,beW2I8sRZr1CDC5szfjW8A,Joe,K.,
982,hw_lXxlmMM4SKEZDQpYEtw,Amanda,H.,
983,pMGnea8-RrjFwogKOwQ0xQ,Liz,W.,
984,KRNbW2TCluXsd8VtNJ8uew,Richa,T.,
985,#NAME?,Lissa,G.,
986,niKu4se6xtf-ctlm0udr1w,Soo,Jin,M.
988,rKfXiVORJOWKofiwHTzvrA,Conrad,M.,
989,W9MPolPlUiUEXYfGnYiHEQ,Violeta,H.,
991,mlXIzLHZ2RAw3MMzpBsFlA,Jon,L.,
992,994SE9NAuXI24y8oCPR71g,Lani,P.,
993,co64BGDz5U4i-VOwhJgn5Q,Alicia,W.,
994,VdGROLLl2il5-gXmdKkUMQ,Daryl,C.,
995,Vx-l5rI0xAiN4SeBonrgkw,Kevin,L.,
999,Nu2kOyS4ircX7rajM9msgQ,Mick,L.,
1000,oUK6Xs5dPPnP4whFeZExGg,Wendy,P.,
1001,UyuWAvDcLp4zU1Wfc1PNXg,George,L.,
1002,sJprizZfXS0-g4sON33EDA,Lakota,D.,
1003,#NAME?,Christian,L.,
1006,QjzkxIlYdf76MHxHst38_w,Matthew,B.,
1007,DHs8No90RxNP6EQHHNEZvg,Heather,H.,
1008,5MCBLBxr10NLUKZ4AboAMg,Colleen,C.,
1010,bYENop4BuQepBjM1-BI3fA,Steven,B.,
1012,22KFHB2AzTvKBylxw5bxcA,Amanda,T.,
1013,3nDUQBjKyVor5wV0reJChg,Nelson,Q.,
1014,XjZOiH4yOYnzeu4hkaatxg,Tammi,T.,
1015,xPkrhqkBerFVlTqobsh1GA,Brandon,G.,
1016,54eLknDI1uU0XPuE8I_aWw,Candice,S.,
1017,QasfZU1HgCW4LNU8AFFfwg,Robert,H.,
1018,S9zMHMOyCZCmmZW1bgWE-A,Arc,P.,
1019,zx6gq8IslnAwCyCUztXn1A,Timothy,H.,
1020,YKHoBxMYJnO4E6THcySBQA,Danny,V.,
1022,SrF972IxsELYQ3eaWB5X4A,Donald,S.,
1023,G7Q8GXHvyRSv7ZsKCEj0mA,Michael,R.,
1025,zWC1npRbmWO2bZRt2fYgfw,Amanda,D.,
1026,UsXqCXRZwSCSw0AT7y1uBg,Candice,G.,
1027,F3swTsmAQ5u0vLZFKtkG7A,Judi,S.,
1028,xbUZL2zG7OCMPqKmPTkuOA,Rhonda,S.,
1029,64txTla3gWRXyKwqQQx7nA,Lance,R.,
1030,aKY4eFOJeCaXnw1jGPozTw,Sandra,F.,
1031,VHdY6oG2JPVNjihWhOooAQ,Jessica,T.,
1032,UtjN8sLR7ht_A8bnHLKVtw,Emilie,B.,
1034,bvQ3ZUWc0LnbesxMtIl16w,Benjamin,B.,
1035,rbGGA38rHXWgrZkzkf6ATg,Suzanne,S.,
1036,CIi0UKyKWjjcyuWfchFwNg,Sanneke,R.,
1037,cufhYFdyrUAt4SWe-m0grQ,Johnny,T.,
1038,GXtvlq8PuivsNS5wRBX3xQ,Rudy,R.,
1039,dvgzLpLii0MOlR-X59MlGg,Lucas,R.,
1040,Sizp7DaB_NNuV6IF6_JKgA,Harmony,O.,
1041,HCP1pR_44Pw5_BiWAp47-Q,Jen,C.,
1042,L06pbKGpU8WcQ5sz5QkMAg,Lauren,M.,
1043,wTTalOQvYZheaksFnFc4kw,Gene,G.,
1044,gvOuN8PAUJHOfbO03dOgUA,Frances,G.,
1045,09T1oyi6c-9lvyt7gQCD2w,Peter,L.,
1046,YEmI-BMKN-nQApOoFlp-ag,Jason,S.,
1047,h8pthOnqCxV94D8-JkZXCQ,Cecilia,S.,
1048,RJrGgtBXkpX2oEHM4hSqXg,Joshua,S.,
1049,H97GkPhORumnVZkeJHr94g,Jeromy,H.,
1050,eo2kTJkMQQ0EBa0Cq0dPKw,Molly,R.,
1052,Lzd7FTvMOvfg9WmR4MoNxg,Emily,C.,
1053,J1yNYAjojpD_KpocG-W3KQ,Shannon,M.,
1054,YNhBxGJKNNo0cYfZgQsLQQ,Gerald,E.,
1056,2spZ_h1a9hpIOpAIouFbCA,Dock,C.,
1057,SaNDaz5rBQs-5gyhOkO1MA,Kate,N.,
1058,j4BMT5Oyrt15-pwK3cRSZw,Jen,K.,
1059,IAMhoEl7_srbdNzcpsKjbQ,David,G.,
1061,wCtRCI4imyI0WSByzDzQtA,Alex,M.,
1062,kjeX2RXvW7RhBbD2QLd5jA,Bao,H.,
1064,9lKCs1d4AE5eOmtIpuviAA,Chuck,R.,
1065,qibGLHABNReGeJr2w4_8yQ,Amy,B.,
1066,U1e7IE9A_358yG4pNBjmMw,Lisa,M.,
1067,sxxez-6EBXnU_WDOVO6JFg,Nils,B.,
1070,LiYTbjMx1reOO_53W93L8w,Rebecca,R.,
1074,e6awMCpyP6y6tt-Orua2hQ,Melissa,M.,
1076,XN33uUodtF1svsuL8AtG7Q,Ana,T.,
1077,jBYc4RcQIL1j7SJai3snJw,Melissa,D.,
1078,eUpfvPufEHIZ2BgpKbupqw,Rick,S.,
1079,nGoKau64-PtetuzfcRW3jA,mark,g.,
1080,kkZBWhJXzMIox75wiy4OWQ,Victor,H.,
1081,QuZbJquRtbY9O9JrB9NpxQ,Jim,W.,
1083,6LShTvNYlP_Z4k-xnNDm4g,Paul,F.,
1084,WeVkkF5L39888IPPlRhNpg,Kris,U.,
1085,iyR5YwpMnOCmbfvk4KKczA,Gloria,C.,
1086,f2q8B7L-t82SvQyqVvfPdA,Thomas,R.,
1088,ZguR3Fq0Gikxv0_dW5gDYQ,Marco,M.,
1089,nxEZi8hmI5zR_x85sZZJyg,Gabi,M.,
1090,qEZi7Pkug_gc3up8eFACdA,Sharon,A.,
1091,glFb2Xw7rinqRdbMq7olsw,Stephanie,P.,
1092,CY9iLsE2z_yLhLqJdD1WGw,Anthony,M.,
1093,uWIghMxuYe4U99pgjLkc5A,Darius,S.,
1094,AYQGK2AZkIPkrqgAb72Qkg,Alicia,W.,
1095,cjotiAHFSbFuvbxTWmGi1Q,Ron,L.,
1096,b_ED_rPl7OLwEpUlr4VI5A,Alex,S.,
1097,vlITGEDCNwuFj47QZGgY2w,Heidi,P.,
1099,H5TEwR-OD0XxILGNaewohA,Jody,B.,
1100,u5fnrkB6fiQkHUo27rJMrw,Rodney,H.,
1101,vwi68eg4bmJHMSYq3jP2OQ,Charles,D.,
1102,9kIcMeveJXxWGVOVdXyQyg,Scott,P.,
1103,R3jMcisnWU-gjjSXgWNXvw,Seung,Eun,C.
1104,9OSowCk0noJG0pm__WxbOg,Donald,B.,
1105,cafRiSVWRXlxDEK2YNrJ6g,Amy,T.,
1107,6JlwkVDeD32diglLWgYuzA,Jackie,G.,
1108,y6v0WKg8pcQAYMjYJE1cxg,Annie,N.,
1110,QMqSgBqSrlRhz2B0UiORjw,Jessica,Y.,
1111,FZvqAriYnox2A9-rLDG72g,Shanning,C.,
1112,U-7EVbeRf1wlSZfHW_gujQ,Kim,M.,
1115,Ty9gWdFWh8Ka8ChN2FLovA,Jesse,B.,
1116,m-BZLIIh5PCAKnzH0qj_0Q,Sheila,G.,
1117,GFtPK1tayRmEsFe0BeWxrQ,Michelle,C.,
1118,uERlyO-ASZag6XXouCrkhg,Laurie,V.,
1119,jQYIE9bjrh9EP-B5FXpqPw,Fia,R.,
1121,tH0uKD-vNwMoEc3Xk3Cbdg,Cathy,C.,
1122,0tvCcnfJnSs55iB6mqPk3w,Daniel,S.,
1123,h5bp8gnhYGF23GIlvMyQ1A,Shana,W.,
1124,0nOIH8qIMnmZdLCTemnRsw,Jewelyn,T.,
1125,f0TN5yZ7JBMKIzr3hSuwFQ,Tu,Anh,T.
1127,3Qv2rjPXC2eNKyV5lh3J_g,Heather,S.,
1128,zgCJdWXLvWQpBK8zZHmRfw,Nidhi,J.,
1132,owlUazXSDLaxlOV7z8181g,Greg,K.,
1133,PymOGax7sMPD8JdyHK2Y6A,Diana,D.,
1134,zjZOOgIRvFnGAO0QQ5FNQA,Lily,H.,
1135,5wQrUNttU_OWWNo9N3Gq6w,Ashley,B.,
1136,SfY0jEFqBkrqq9bVi6P31Q,Angela,T.,
1138,FOoN3DJzDUnl4EAQaTJIGg,Raina,M.,
1139,akEFRm7rqlxIANKyTlaTOg,Shokouh,H.,
1140,mvK1pv-x0Z5rP4Hz9cWBWw,Betty,N.,
1141,37cpUoM8hlkSQfReIEBd-Q,Mike,C.,
1142,QdfFtp430K_-BP1GTPNnDg,Joseph,Y.,
1143,_IqyilgT5iUlTnjpi9FqQg,Jen,H.,
1144,N1i_mxSbDmhcUQ73Cj2lWA,Jojo,L.,
1145,4D90YMyPxBtPbIpodbBmeg,Karen,L.,
1146,67WTpDa0RjRqiqxEegMS7g,Melody,P.,
1148,5I6-yegWr4p1mtUMwNkVtg,V,W.,
1149,8DBH3BpLINfTAK_Up5BtUQ,Rachel,B.,
1153,IFtbvwIpjbbl5fE6sbf0dQ,Angeline,K.,
1155,jqIsXz-GX9wFKmJih2oNbQ,Hanae,K.,
1156,pec5bx71KJtTvFYFjMtHmg,Betty,R.,
1157,PKEzKWv_FktMm2mGPjwd0Q,Norm,K.,
1158,PMzMA8lz3TSQGnSSxbg3yA,Corina,P.,
1159,nkPQ07HgkcbPOcFP51zxGQ,Mariam,D.,
1160,hYWwocw-J4KdyGLrUlOYXA,Felicia,L.,
1161,fCCkyaojlUPUXn93Qg2xHQ,Michelle,M.,
1162,V7uS5US4oTf-S9u36HJQCQ,Lucretiz,C.,
1163,TA5f9rpPGllhrjhIor8jNA,Karen,Z.,
1164,0o8HUzggoNKay9-ZMj3HqQ,Sarah,Jane,W.
1165,cEhb7ot2FbTVR40zEut71g,Julia,S.,
1166,Ad-v2Z4vvuzxZxbpywIm0A,Stephanie,T.,
1168,y3FcL4bLy0eLlkb0SDPnBQ,Mel,C.,
1170,ddOMtq46o4CshCmHQxR2QQ,Natalie,M.,
1171,HJj82f-csBI7jjgenwqhvw,Paul,W.,
1173,hv_M1Kf1EPWDBB1bgnzu6Q,Alana,M.,
1175,2EuPAGalYnP7eSxPgFCNDg,Shirley,B.,
1176,o-fwa4PH7k7rRjLIUSvAFw,Retta,H.,
1177,zuAy0UUVfxIsB_99N1qnhA,Aimee,G.,
1178,vKGfL8qXKHsM9ycwaoJDxA,Linh,L.,
1179,UYcmGbelzRa0Q6JqzLoguw,Emily,R.,
1180,Qab_W7s62QQadAo_FgTJhw,Jessica,K.,
1181,6ehZ3X1gaHe-fxzndNRweA,Kathy,R.,
1182,2Q96iowmMaWfibiWrsJiIw,Liza,L.,
1183,L9ZJpCQgXzfNXiJI9ahyZw,Samantha,E.,
1184,VfzL56e-vsNX3kcRKkN8Sg,Shawn,C.,
1185,hAU72qKgpuev6md8_6SngQ,Meryem,E.,
1186,EWJMLFFl9po0E8dRWuHOOA,Karen,C.,
1187,3jjiY5D7oIlKeiCIZGHQew,Nida,K.,
1188,ODPhJLOAu0Q1Zbg65mCcSg,Ann,Marie,C.
1189,58yXn5Y4409kc9q88YwU6w,Kimberly,S.,
1190,3wx5FmMFNqiR9kzqpSejig,Katy,M.,
1191,FAjCZoxiGw9HJKueB8YWTg,Cynthia,C.,
1192,L5uRYpL9arVGueEetKjmpw,Meg,H.,
1193,3KK7L2Q6NMfJA1Ky4Ntmdg,Ivy,W.,
1194,ip33O1S-GUIDXHwcahhT5g,Rachel,H.,
1195,hZfzVrhsCQ9JDAb2jYoJNQ,Ashley,B.,
1197,Fv0e9RIV9jw5TX3ctA1WbA,Christie,L.,
1198,3CVT71cTx_fLbLr9JFr-Cw,Tiffany,H.,
1199,8kNVE_M7qScs9p9A1kYadg,Christine,W.,
1201,0FMte0z-repSVWSJ_BaQTg,Roger,T.,
1202,p2qFjnQKIZVi7qdj-B31iw,Julie,V.,
1203,sXG6o_UoaqnUDmA7pxyzvg,Tami,D.,
1204,-ugFDhdMt-p8-2dA-Tmxiw,Heather,M.,
1205,rKkpHJkJ27xOwnhy_bMkvA,Teri,W.,
1206,RQT9QoVcQd9gnKhayD5cUw,Akiko,I.,
1207,n86B7IkbU20AkxlFX_5aew,Jade,W.,
1208,dOfw4EqYemgl21qtJ8D9jQ,Lora,V.,
1209,TprC8sujz8MkwuomrqUSiw,Ramsey,H.,
1210,aTHfhjJ6mIoSaRribyKZbQ,Mike,E.,
1211,WNbVCtfq2lGMEwLDXyyd6A,Heejin,L.,
1212,zB1GFKkXqn-vgoIgkjhPYg,Bronsen,K.,
1213,mtpQBE8yTL8oTo0KrJcd9A,Kasio,M.,
1214,jX7n6KfNZ22kBh6AHhxRbA,Arvin,T.,
1215,CUU_SVpheVGIilr5kUaJ1Q,Mikhail,H.,
1216,RX0GPUmx4wJ8zxP1Mq0tPA,Helen,N.,
1217,Q-bBychImze2Yj1R0ifoMQ,Laura,G.,
1218,YIMeEHUYm69m-Mqf-NjPHw,Mindy,A.,
1219,ouODopBKF3AqfCkuQEnrDg,Danan,R.,
1220,ynMgRHXEeskwa6nRdKWzDQ,Bryan,E.,
1221,hOwNzTU0g0UzNLNQhhuHEQ,Larisa,M.,
1222,ffknU3Jt63V2IkAmH_DpOA,Jonathan,S.,
1223,NV7Iqq3yQEN1_WWt5qDsCQ,Beverly,A.,
1224,LhFzr2vZDEc2KNHxuiHtIw,Cat,N.,
1225,XLNaiWF21OsAf0fMV6kuSg,Jessica,M.,
1226,Xw7ZjaGfr0WNVt6s_5KZfA,Marielle,S.,
1227,_VMGbmIeK71rQGwOBWt_Kg,Chris,V.,
1228,ya0gjXEHjpvuLIFybCajcQ,Amanda,M.,
1229,sDGwhNAQIubV36t_fex6VA,Jai,J.,
1230,3w2TFp3i5WY5tyNW95GU6w,Courtney,A.,
1231,erMibXck0Oz4VXDPDHeboA,Kate,P.,
1232,eZfHm0qI8A_HfvXScwIYsg,Christie,O.,
1233,DZOA0yCbH4kDS0s-dHXWFg,Melia,S.,
1234,N5URmpyygDBSC_8UShI_6Q,Channele,L.,
1235,vQ6VAfbyEnanyJaBKZqQBQ,Lana,R.,
1236,-8EnCioUmDygAbsYZmTeRQ,Mimi,L.,
1237,Yg08tRMxm0eaL-rXyNIAHw,Virgil,R.,
1238,DV8Xg7hMs5NLIR1ps15Pxg,Katie,J.,
1239,D4IHMxZwxZRZMvkMEeSb1A,Bella,B.,
1240,Qv_sHg9kBNE3PB-HFBrgTw,Christine,T.,
1241,rNjgVKaBh1PlUA6dYB6EUw,Bonnie,P.,
1242,IprKHet03baoU8heBOYuwQ,Emily,C.,
1243,TIrOT3y33xydiOnNSqDvOA,Hang,T.,
1244,TKzFASCz7GLGUcwO1QG2jA,Tara,C.,
1245,60uaMp4f8f8zCFq9dxc5cA,Lili,H.,
1246,FLMRT4tDE4VlM1wyDK5QGg,Hannah,E.,
1248,wLh4YepDaBzQ1JMrj5fDzQ,Karen,C.,
1249,#NAME?,Linda,C.,
1250,coKnuxLznH0FHb34m4ZLCw,Sarah,A.,
1251,EKEtbkIswDNQqxcy8vy8Kw,Lucy,E.,
1253,4Y81J2Tdq5XAnkeYmCZ2ow,Nique,F.,
1255,Gpztz4quXP_Eybx9gkLTSQ,Jeannette,G.,
1256,_ykg4Fp8j_tU83q2tYC2FQ,Michelle,S.,
1257,qXWXlA7x0n7jQS3pQtF3fQ,Kathryn,R.,
1258,rQ5Zv1fa_Dp5OxAxQtn1Lg,Adriana,E.,
1259,TkXGMjczu5FcQFooyhYNpA,Eileen,L.,
1260,VVvPNapOOZi-TwNIM1YnsA,Raven,W.,
1261,9HGR8sU_zm15sI109H-SGQ,Trish,S.,
1262,m07sy7eLtOjVdZ8oN9JKag,Ed,U.,
1263,UUVbV8XmTzNksBOPaiO3pA,Nikki,B.,
1264,epkRB3J_oBEiyiwahvdmGg,Vanessa,V.,
1265,NjNJ1JLnMlOfnDI6Oz6Qew,Dyanna,L.,
1266,DfOj2Jf4MlTQiF5TMHCm2g,Em,B.,
1267,wHrIy02OYTKYT1YdxPjhwg,Angel,T.,
1268,0mPoOl_Rx46jaHOG9pybzQ,Sophia,W.,
1269,JqiVqLZgqQXYNNJ_Gx7-GA,Harvey,D.,
1270,x8XTq_OUM03-bn4-PFhCjA,Serena,C.,
1271,cZ16H_Fc3s2-2AYrs-LEJg,Tiana,T.,
1272,-267Yx8RmdP6io2-qI4UcQ,Rachel,G.,
1273,WT1kawqQ43mXUNS2xL3Iyg,Jen,C.,
1274,HipNu3vK_MSJ-IIGsKFbfg,Kriss,P.,
1275,U0WU9d6gpMNkO_tPXK58Sg,Debra,W.,
1276,VhKOvBIOEyEB8Ig3f7adcQ,Laura,D.,
1277,o2P82pKDbMP890V-ztKMaA,Sarah,B.,
1278,q-v8elVPvKz0KvK69QSj1Q,Lisa,Marie,M.
1279,LMPWMy_kvHjlUzVQ_9jz6A,Dung,N.,
1280,z4RytucxI_XfcMFaEI2DRg,Katherine,O.,
1283,sIz02nAyQIrDtFavxZtfTQ,Robin,Z.,
1284,yFOhA0a7toBwUffjC68FrA,Karlie,M.,
1285,#NAME?,Lyna,V.,
1286,uW2Jmi4vgVf_hJuBSdeC4Q,Mollie,E.,
1287,_KDforIDsQS6bIaJi0_V0g,Elysse,P.,
1288,sTyvPtWrEeqNcbmLcHclGw,Valerie,L.,
1289,uXd-tA7nboj-9nV0vLTh8g,Antoine,D.,
1290,nA-wXfcIC5FgTK1aSCdkHQ,Angie,R.,
1291,q5afJ8gTV5TPEOkzyeJ_WQ,Kellie,A.,
1292,fZY97UjlP-iv35beOl_OfQ,Peter,S.,
1293,9HOS6A3IeAW1YB68e88FFQ,Helen,C.,
1294,0V4Ra6jCmSAgFtCiORr4QA,Megan,C.,
1295,YSzK2mvfAMLl5NsE-4waZw,Ceci,Y.,
1296,bW2AQqcSPascYvKXsF0S-g,Michelle,W.,
1297,33OzyvMjDhGTUJubr4CWIA,Elaine,N.,
1298,oVfnZ8K2HISGg40-CJ37GQ,Nina,U.,
1299,_v7O-aBWnQkWBIy4Y0DaCg,Kim,P.,
1300,8DEyKVyplnOcSKx39vatbg,Philip,T.,
1301,puS8HuNdeXhhl5F4bb0EEg,Pam,S.,
1302,v3YOx9T4jRSw8XP9Rd9H4g,Anthony,G.,
1303,dsaj_eA71FvpUh49zzKcGA,Nik,O.,
1304,s1kbaGxgMFUOeOy7_Jq4zg,Amy,S.,
1306,1rBGQRHsAIGF-iv4Sw0zVw,Nick,H.,
1307,fwtMzJTLO22JMuSMrh1Fxw,Alisa,C.,
1314,Y8O0dlUOU43qpzz6soRaRg,Andy,D.,
1317,utXjbDFcryC_tDDA2fQoYQ,Di,R.,
1321,DBvQvSt0cCxst4NkzEUtyA,AKA,Matthew,the??
1322,U2sN2-HGvh27FyXKFlvkBg,Dave,B.,
1325,6F0uGYwpJUGxhlMO6C3r_g,Bad,L.,
1344,asL1d04xS3y8YQtU5ota-g,Doug,T.,
1346,UMHC0kzV6TS8O6HLb5mpYw,Tracy,K.,
1347,YztPBAV6L8e0Te_3_Q-PGQ,Steve,G.,
1350,VkSUizrGQKl5IIBIIXCFIQ,Yuan,W.,
1351,CEoMgtYwcskmU6VOeDAwVw,Noor,B.,
1354,wHAxtj5Gbk9xywIJRrzcKQ,Jessica,P.,
1355,Z128ihQea7BLPh2T9q9sKA,Scott,W.,
1363,MCTmcFSTp4Xewa5UM-mbMA,Nikki,F.,
1365,eANbpTWkTR10zz6Dqx2A2Q,April,R.,
1366,a-x7UEB0pREhblYRP1Cj-g,Cassandra,B.,
1367,0V4Ra6jCmSAgFtCiORr4QA,Megan,C.,
1368,zDltf7SGyDANcA6ndZkF7A,Julia,G.,
1369,kgUlckbRyHvMD_78NoXE9w,Brian,F.,
1371,R1RDHafKh9T426DijeRixA,Melissa,A.,
1372,sTcYq6goD1Fa2WS9MSkSvQ,Sunny,B.,
1373,BIyo1Hf23H6EIujLSYzw2g,Edwin,R.,
1375,iOhD8xrXFO18VsttgvnXUA,Di,T.,
1377,0mKUbIUXOvH0cHcGQ1KGqg,Arlin,B.,
1378,dLWDy4yzVzMQuhjoEcRO0g,Julie,P.,
1379,GBvMgBa-7XhNSPz6Zks_vw,Alma,S.,
1380,OyLtK_Q2I4Jw0rtfFnLfhg,Jennifer,W.,
1383,5cd9IdAV9Dce3BdRDh9qCQ,Aly,D.,
1385,I9_Eevm2Be99teo5v9qNwg,David,M.,
1386,avmRUkWovTsaDqKiNKdivQ,Natalie,D.,
1388,wQ7nlVwAKuEit9EOdU4QFg,Emily,T.,
1389,aUKAZyfQWqPLpQ0WpCzpqg,Rob,G.,
1392,L5uq2v3GnGiYi6DzO2KunA,Daniel,R.,
1394,G7vL7L42Vzr5cDPXeLpXfA,Jennifer,S.,
1396,rCx7tb3toOJUsvdOeqYY0g,Sharon,V.,
1397,jMgQQwSLjyqSvckG_DvZIw,Lola,M.,
1398,UOMSN12IGpju4sKwIJQE_Q,Gary,E.,
1399,2gu5B_JbJlfZLhihSr-apQ,D'Lisa,L.,
1400,2orGLHUP7_R-toDvEffndw,Lo,J.,
1401,mbdtyUUzZZx5ld1Qc4iGtQ,Dave,G.,
1403,t8a4wTKqHjF6b_6VqBfr8A,Laura,M.,
1404,Cvvu2V_FO3FjxIHpartSMg,Sam,N.,
1405,DKdttAvXagfAfNFIKeApuw,Penny,Lane,X.
1406,CbHXrH-CHM8egdKYAxqaPQ,Shon,P.,
1407,x3hyh8K4XIAyJ_K39fpOuw,Kate,F.,
1408,PukPcTf_vAgG9eJoMPs0-A,Dan,E.,
1409,tVcLhjhzq7YwUIU-HgQ95Q,Farbod,D.,
1410,ow6ecGXdQvKBQBxOusrC-Q,Dana,G.,
1411,ZyNaPQFOsaKOOLHTFVAdZw,Georgeann,G.,
1412,uZdFsE_aHbFBChgN6Xa8tw,Chris,L.,
1414,7cmEMOLyD4GS1XbjctJpoQ,Guy,D.,
1415,ytBmywuQxFzETrrYmSrE-Q,Allison,R.,
1416,Sg0TMTIkaBXYGKMbEI2VnQ,Larry,O.,
1417,Bsbumyr3Of8BauN2URK4bg,Tonya,P.,
1418,G4KO5vJlwJEmEy3urXVGxw,Margaret,G.,
1421,KDb7ej6DK3D0IKS6LuUZHA,F,N.,
1422,Ui3BHoWsFnLhFI3v76M5fw,Po,C.,
1423,iMMePWzFMopTJbIol_ecxw,Michelle,C.,
1424,cCmnUMwDUezYXoxCRDrsxA,Fred,v.,
1425,nZ6OGzoZVyChxbeTcD1Rqw,Alina,M.,
1427,2PYxmh4hYRo6Mfc1WniqIw,Shaun,C.,
1428,2l0O1EI1m0yWjFo2zSt71w,Shiho,F.,
1429,NeXaKJFaUAoCoeFaGbVk4Q,Ryan,J.,
1430,YUxH_F9jMGAe7PIe8DO34Q,Hungry,A.,
1432,IZRNjWe_RzdN0HcCnPTymw,Jessica,B.,
1433,116AVKourTNRaX_b_2ar_Q,Ashley,A.,
1434,eK6FpEPv2urKpEjWwR45QQ,Johnson,M.,
1435,EyLVCFOKltmlMg7XcRxU9Q,Jake,D.,
1436,Wn1UHPW4LEp4Q1m7LmrCNQ,Daniel,R.,
1438,lKPUyA6DveoWk-3zFrHA9w,Camille,H.,
1439,Mq8Su0PZC8D4EaJrLJOhYw,Heather,Z.,
1440,EtqYOEpvnp9G7pkCNEwV_Q,Jennifer,A.,
1441,_y54HcEDbKSnFo8QZcKvqA,Kate,N.,
1444,pS45nFZf4r7_yC95Oxt_eA,Jermaine,W.,
1445,PFrkq7xTQYSL1LKElc58Gw,rpm,r.,
1447,ycYaA6wmFE30T4ba14N0Tw,Grant,C.,
1448,BALguVHNa5NoNuusiDaO_Q,Christina,D.,
1449,bhJ6ivAuSpgXP4JiKWjSZQ,Jasmine,C.,
1451,Rzf35jKV8e8EJdssrae_AA,Heather,C.,
1452,BSJDp9-kCmV4tVtYMJyhGw,Nyomi,L.,
1453,jyz8-hAPGRjurBVp9DST9A,Anna,M.,
1455,g1P3KlkiA3MUwt4Pvm0SXA,Lee,H.,
1456,4fNHV9nkjf84BmmKiP1Npw,Anne,P.,
1457,VxaNYhSruuFLfbTPs99ITg,Philippos,S.,
1458,pKn_H1nkgrwJS6TuHODsvQ,Bacon,B.,
1459,sYauKfRBquRxDwHA1a8EsA,Jennifer,M.,
1460,x8vCnMf1yPzv5TccQJP8kw,TACO,d.,
1461,#NAME?,Tarek,S.,
1462,tScgzC_Zt3-5rViXNLWacQ,Beth,S.,
1464,RQc1sODOsSL98gRaRUnuYA,Raegen,S.,
1465,kGGapvfP1SZH2ZOikdSpNA,Chuck,B.,
1466,sMmHXkNWQo8pk3z6lMuz3g,Tk,G.,
1467,Xyrjofb86Xp1sfpp4_SlaQ,Peter,M.,
1468,bVzuq_2Fy0g2557E8GCO4A,Barrie,T.,
1469,msI83aUzmoHOQoPD-XnB0A,Tony,F.,
1470,FxPU00s1t02gsSgNm57gyA,Cliff,Z.,
1471,XrUYUXCeDRMgnHPdCxnO6A,Jason,L.,
1472,7QVNLrJDkjsDsCtODlPdsw,Roland,W.,
1474,ZpeTWWuYW9tMeVwrObom9g,Tish,C.,
1475,iSLcHmTFAfr4GnjWuba8jw,Cheryl,C.,
1476,4VbB9qS2Xvk-bjAI1bNlGw,Erica,G.,
1477,ciCuqqFRpSoh8ZZ_a9ELqg,Jen,T.,
1481,T1tBBbcqChmL2zXxUxj5og,Nadia,K.,
1482,GS7BjPN1Af4OtUsFurxwSw,Bob,B.,
1484,uluHjQdwAlwzeJgsKvh-MA,Jan,S.,
1485,1Mwdhm6h9lnvmnsIevfuRA,Pat,A.,
1486,SY41K848TzGOt8noeOt8_g,Christine,R.,
1488,wbXMwXnIKzVHp980zMRHiA,Danica,C.,
1489,u0JoB0Vm1ZhwF8nysxPnfg,Christina,P.,
1490,2TAvvTz9E6AOYObB9OOjaw,Lindsay,L.,
1492,-4pU1kYulMf2L07Rk579fA,sean,k.,
1493,ZQYNombDho1PYfnEWFZevw,Melissa,H.,
1494,xodxHGXraLyVZYSx05ss_g,Shannon,L.,
1496,yszYcfzs9iyQ4cAnE2sMvg,Amanda,R.,
1497,25N2f7Al7Tgu9zQE-L2JJw,Derek,N.,
1500,K0sapHOlhlGNjx3GBeSf5A,Nathan,S.,
1501,WQGE0oroofQKzKalpx_fcA,Hilary,L.,
1503,ByYHOTBYGKWK06lJoHzy_w,Rebecca,S.,
1504,THXdIY73jWmzYNrYPp-dIw,Kerstin,B.,
1505,ens0W1AzB5ogdKSaTVd38g,Faith,A.,
1506,OPN-dDUBkH7uH-G8nOnskg,Sarah,H.,
1507,GyzIYH4hqTVUiDGqXq29zg,Russell,S.,
